2,581-08055C203KAT2A 
1,667-EEE-FC1C220R 
1,667-EEE-HC0J220R 
1,667-EEE-HC1H220XP 
1,667-EEE-HC1H220XP 
2,755-TCSOPL1A226M8R 
5,80-C0805C103K1R
20,80-C0805C104Z3V 
1,80-C0805C104Z3V 
17,80-C0805C105M4R 
1,80-C0805C105M4R 
2,80-C0805C130J5G
2,80-C0805C332K5RAUTO 
2,80-C0805C471J5GAUTO
2,80-C0805C474K5RECTU
1,80-C1206C105M4R 
1,80-C1206C106K4RAUTO 
1,80-C1206C106K4RAUTO 
2,80-T491D106M035
1,963-UMK212BJ105KG-T
13,279-CRGCQ0805F100K
16,279-CRGCQ0805F10K
1,279-CRGCQ0805F10K
1,279-CRGCQ0805F27K
1,279-CRGCQ0805F330K
1,279-CRGCQ0805F8K2
2,279-CRGCQ1210F100R
1,594-MFU0805-FF-1.0
2,594-MFU1206FF01000P1 
1,603-RT0805BRD071K4L
16,603-RT0805BRD071K5L
1,71-CRCW080515K0FKEAC
1,71-CRCW080516K0FKEA
1,71-CRCW08051K00FKEAC 
1,71-CRCW08051K00FKEAC 
4,71-CRCW080539K0FKEA 
5,71-CRCW080547K0FKEAC
1,71-CRCW08054K30FKEA
4,71-CRCW08054K70FKEAC 
4,71-CRCW08054K70FKEAC 
3,71-CRCW08055K10FKEAC
2,71-CRCW080562K0FKEA
1,71-CRCW120610K0FKEAC 
1,71-CRCW120610K0FKEAC 
2,71-CRCW1206200RFKEAC
1,71-CRCW120620K0FKEAC
1,652-SRR1210A-680M
1,511-RBO40-40G
1,583-BAT54A
1,595-TPIC8101DWR
1,755-BAT54HMFHT116
1,78-TZMC24 
1,78-TZMC5.6
1,78-TZMC5.6
15,863-BAT54SLT1G
1,511-LM2903DT
1,511-M24C64-RMN6P
1,511-STM32F410RBT6
2,579-MCP6004T-I/SL
1,863-NCV1117DT50RKG
1,863-NCV1117ST33T3G
1,449-LFXTAL071673CUTT
1,581-CX5032GA08H0PST
2,512-ISL9V3040D3ST
1,538-581-01-48-009
3,726-BTS3028SDL
3,81-BLM21SP102SH1D
1,855-M20-8760442
2,511-VNLD5090-E
2,512-FAN1100_F085
1,595-ISO7421DR
